{
  "scpmusikpack.ambientconx": {
    "category": "master",
    "sounds": [
      {
        "name": "scpmusikpack/ambientconx"
      }
    ]
  },
  "scpmusikpack.classdriot": {
    "category": "master",
    "sounds": [
      {
        "name": "scpmusikpack/classdriot"
      }
    ]
  },
  "scpmusikpack.nucleardetonation": {
    "category": "master",
    "sounds": [
      {
        "name": "scpmusikpack/nucleardetonation"
      }
    ]
  },
  "scpmusikpack.nuclearnightmares": {
    "category": "master",
    "sounds": [
      {
        "name": "scpmusikpack/nuclearnightmares"
      }
    ]
  },
  "scpmusikpack.scp610outbreak": {
    "category": "master",
    "sounds": [
      {
        "name": "scpmusikpack/scp610outbreak"
      }
    ]
  },
  "scpmusikpack.sitelockdown": {
    "category": "master",
    "sounds": [
      {
        "name": "scpmusikpack/sitelockdown"
      }
    ]
  },
  "scpmusikpack.gronkh610": {
    "category": "master",
    "sounds": [
      {
        "name": "scpmusikpack/gronkh610"
      }
    ]
  },
  "scpmusikpack.gronkhriot": {
    "category": "master",
    "sounds": [
      {
        "name": "scpmusikpack/gronkhriot"
      }
    ]
  },
  "scpmusikpack.gronkhlockdown": {
    "category": "master",
    "sounds": [
      {
        "name": "scpmusikpack/gronkhlockdown"
      }
    ]
  }
}
